{
    "loss": 9.196163177490234,
    "accuracy": 0.3597643971443176
}