{
    "loss": 5.867218971252441,
    "accuracy": 0.5400996804237366
}