{
    "loss": 1.935165286064148,
    "accuracy": 0.8545536994934082
}